Data,Otwarcie,Najwyzszy,Najnizszy,Zamkniecie
2023-04-03,1969.17,1990.52,1949.94,1984.565
2023-04-04,1984.32,2025.02,1977.09,2020.665
2023-04-05,2021.06,2032.02,2010.48,2020.84
2023-04-06,2020.97,2021.46,2001.11,2007.465
2023-04-10,1994.47,2009.83,1981.8,1991.35
2023-04-11,1991.28,2007.5,1988.91,2003.62
2023-04-12,2003.2,2027.86,2001.54,2014.94
2023-04-13,2014.52,2048.19,2014.12,2040.15
2023-04-14,2040.49,2047.47,1992.49,2005.45
2023-04-17,2004.1,2015.04,1981.42,1995.16
2023-04-18,1995.24,2011.89,1991.4,2005.28
2023-04-19,2005.03,2008.22,1969.38,1994.79
2023-04-20,1994.56,2012.3,1990.6,2004.82
2023-04-21,2004.39,2005.59,1971.73,1982.78
2023-04-24,1983.01,1990.85,1974.26,1989.1
2023-04-25,1989.06,2003.77,1976.26,1997.13
2023-04-26,1996.27,2008.93,1983.61,1989.46
2023-04-27,1989.82,2003.33,1974.32,1987.85
2023-04-28,1987.71,1995,1976.44,1989.27
2023-05-01,1989.94,2005.95,1977.18,1982.48
2023-05-02,1982.25,2019.39,1978.74,2016.7
2023-05-03,2016.19,2040.405,2008.44,2038.64
2023-05-04,2066.18,2078.925,2030.49,2050.19
2023-05-05,2049.28,2053.01,1999.63,2018
2023-05-08,2016.72,2029.39,2014.45,2021.49
2023-05-09,2021.1,2037.67,2019.64,2034.56
2023-05-10,2034.58,2048.17,2021.66,2030.185
2023-05-11,2029.96,2040.94,2011.45,2015.12
2023-05-12,2015.09,2022.57,2001.2,2011.06
2023-05-15,2008.5,2022.16,2007.58,2016.46
2023-05-16,2016.39,2018.35,1985.58,1988.92
2023-05-17,1988.86,1993.05,1975.19,1981.57
2023-05-18,1981.69,1986.01,1952.04,1957.53
2023-05-19,1958.2,1983.99,1954.08,1976.33
2023-05-22,1977.89,1982.61,1969.01,1971.82
2023-05-23,1972,1977.65,1954.4,1975.03
2023-05-24,1974.78,1985.15,1956.78,1957.36
2023-05-25,1958.07,1964.83,1938.96,1940.86
2023-05-26,1940.74,1957.25,1937.12,1947.59
2023-05-29,1942.915,1949.81,1940.38,1943.385
2023-05-30,1944.25,1963.56,1932.25,1959.43
2023-05-31,1959.23,1974.84,1953.74,1962.93
2023-06-01,1962.89,1983.13,1953.42,1977.58
2023-06-02,1977.01,1983.49,1948.15,1948.75
2023-06-05,1947.05,1964.02,1938.22,1961.89
2023-06-06,1961.76,1966.35,1954.55,1963.36
2023-06-07,1963.63,1970.06,1939.99,1940.01
2023-06-08,1940.14,1970.2,1939.88,1965.7
2023-06-09,1965.83,1972.84,1957.01,1960.04
2023-06-12,1961.28,1967.04,1949.42,1957.49
2023-06-13,1957.3,1970.11,1940.07,1943.6
2023-06-14,1943.4,1960.36,1939.82,1941.97
2023-06-15,1941.74,1960.3,1925.35,1958.045
2023-06-16,1957.3,1967.92,1953.54,1955.66
2023-06-19,1957.56,1958.77,1947.07,1950.35
2023-06-20,1950.47,1956.69,1929.85,1936.325
2023-06-21,1936.56,1939.54,1919.9,1932.7
2023-06-22,1932.92,1935.06,1912.53,1913.77
2023-06-23,1914.1,1937.32,1910.3,1919.15
2023-06-26,1920.73,1933.365,1920.73,1923.145
2023-06-27,1923.4,1930.575,1911.385,1913.765
2023-06-28,1914.22,1917.185,1902.915,1907.425
2023-06-29,1907.78,1913.055,1893.075,1908.235
2023-06-30,1908.69,1922.785,1900.605,1920.185
2023-07-03,1919.93,1930.945,1910.285,1921.59
2023-07-04,1921.55,1930.745,1919.99,1925.895
2023-07-05,1925.68,1935.025,1914.845,1915.235
2023-07-06,1915.46,1927.595,1902.835,1910.925
2023-07-07,1910.92,1934.755,1909.65,1924.845
2023-07-10,1924.88,1928.175,1912.905,1925.345
2023-07-11,1925.45,1938.435,1924.455,1932.225
2023-07-12,1932.27,1959.665,1932.225,1957.425
2023-07-13,1957.16,1963.385,1952.675,1960.475
2023-07-14,1960.39,1963.805,1951.105,1954.535
2023-07-17,1955.325,1959.865,1945.855,1954.935
2023-07-18,1954.7,1984.395,1954.7,1978.805
2023-07-19,1978.87,1980.95,1969.94,1977.01
2023-07-20,1975.8,1987.52,1965.44,1969.53
2023-07-21,1970.29,1973.73,1956.93,1962.5
2023-07-24,1962.075,1967.925,1953.545,1954.855
2023-07-25,1955.26,1965.585,1953.235,1965.015
2023-07-26,1965.18,1978.095,1962.105,1972.295
2023-07-27,1971.91,1982.16,1942.72,1945.645
2023-07-28,1946.4,1963.545,1945.575,1959.135
2023-07-31,1959.055,1972.395,1951.525,1965.575
2023-08-01,1965.78,1966.065,1941.385,1944.175
2023-08-02,1949.55,1954.795,1933.245,1934.895
2023-08-03,1935.15,1939.005,1929.755,1934.165
2023-08-04,1934.35,1946.595,1928.105,1941.515
2023-08-07,1942.985,1946.755,1931.545,1936.645
2023-08-08,1936.61,1938.135,1922.925,1925.305
2023-08-09,1925.31,1932.415,1914.125,1914.785
2023-08-10,1914.9,1930.065,1912.32,1912.375
2023-08-11,1912.82,1920.925,1911.025,1913.705
2023-08-14,1912.965,1916.195,1902.865,1907.495
2023-08-15,1907.47,1911.675,1896.685,1901.985
2023-08-16,1901.87,1907.26,1891.52,1892.12
2023-08-17,1892.19,1903.47,1885.18,1889.38
2023-08-18,1889.58,1896.77,1886.88,1889.48
2023-08-21,1889.475,1898.71,1884.89,1894.68
2023-08-22,1894.73,1904.38,1889.24,1897.45
2023-08-23,1897.47,1920.39,1897.45,1915.605
2023-08-24,1915.42,1923.375,1912.035,1916.83
2023-08-25,1917.17,1922.325,1903.935,1914.355
2023-08-28,1915.74,1926.155,1912.965,1920.235
2023-08-29,1920.27,1938.215,1914.515,1937.465
2023-08-30,1937.53,1949.005,1935.085,1942.58
2023-08-31,1942.87,1947.845,1939.165,1940.095
2023-09-01,1940.19,1952.925,1934.665,1940.585
2023-09-04,1939.66,1946.355,1936.925,1938.355
2023-09-05,1938.73,1939.025,1925.455,1926.115
2023-09-06,1926.4,1929.185,1915.355,1916.565
2023-09-07,1917.03,1923.435,1916.255,1919.705
2023-09-08,1919.7,1929.595,1917.425,1919.255
2023-09-11,1918.885,1930.595,1917.625,1922.415
2023-09-12,1922.79,1924.575,1907.715,1913.425
2023-09-13,1913.2,1915.725,1905.955,1908.245
2023-09-14,1908.91,1912.945,1901.115,1910.635
2023-09-15,1911.08,1930.395,1909.925,1922.505
2023-09-18,1924.15,1934.265,1922.675,1933.755
2023-09-19,1933.83,1937.425,1929.865,1931.435
2023-09-20,1931.94,1947.465,1928.015,1930.405
2023-09-21,1930.61,1931.565,1914.005,1920.11
2023-09-22,1920.06,1929.095,1919.51,1925.415
2023-09-25,1925.025,1927.185,1915.255,1915.995
2023-09-26,1916.24,1916.815,1899.265,1900.665
2023-09-27,1900.72,1903.84,1872.59,1875.06
2023-09-28,1876.53,1879.55,1857.93,1864.94
2023-09-29,1865.49,1879.78,1846.39,1848.49
2023-10-02,1848.09,1848.99,1827.27,1827.89
2023-10-03,1829.23,1833.185,1815.325,1822.975
2023-10-04,1823.69,1830.405,1816.725,1821.25
2023-10-05,1821.83,1829.225,1813.235,1820.255
2023-10-06,1820.8,1834.745,1810.565,1829.385
2023-10-09,1846.34,1863.535,1844.255,1861.505
2023-10-10,1861.45,1865.41,1853.13,1860.5
2023-10-11,1860.15,1877.23,1858.75,1874.35
2023-10-12,1874.75,1885.02,1868,1868.81
2023-10-13,1869.1,1930.81,1868.81,1928.23
2023-10-16,1929.33,1929.375,1908.395,1920.185
2023-10-17,1920.12,1931.525,1912.525,1923.145
2023-10-18,1924.05,1962.615,1923.145,1947.735
2023-10-19,1947.87,1977.765,1945.295,1974.385
2023-10-20,1973.55,1997.13,1972.09,1979.84
2023-10-23,1973.72,1983.68,1964.46,1972.85
2023-10-24,1973.62,1980.78,1953.72,1971.12
2023-10-25,1971.01,1987.07,1963.51,1979.565
2023-10-26,1980.66,1993.43,1972.09,1984.87
2023-10-27,1984.72,2009.41,1976.96,2007.33
2023-10-30,2001.48,2006.85,1991,1995.14
2023-10-31,1995.12,2007.82,1979,1984.69
2023-11-01,1984.9,1992.03,1970.05,1983.925
2023-11-02,1983.83,1991,1978.97,1985
2023-11-03,1985.01,2004.09,1983.34,1992.57
2023-11-06,1992.57,1993.18,1977.47,1977.99
2023-11-07,1978.13,1978.38,1956.78,1969.13
2023-11-08,1969.33,1971.07,1947.56,1950.28
2023-11-09,1950.03,1965.615,1945.005,1958.435
2023-11-10,1958.27,1960.855,1933.365,1936.025
2023-11-13,1938.78,1949.135,1921.12,1946.21
2023-11-14,1946.3,1970.745,1943.845,1963.125
2023-11-15,1962.81,1975.055,1955.545,1959.395
2023-11-16,1959.975,1987.965,1956.615,1981.27
2023-11-17,1981.175,1993.37,1978.69,1980.79
2023-11-20,1978.57,1985.15,1965.61,1978.015
2023-11-21,1977.785,2007.49,1977.785,1998.41
2023-11-22,1998.63,2006.29,1987,1989.9
2023-11-23,1989.43,1998.57,1989.39,1993.07
2023-11-24,1993.185,2003.64,1991.54,2002.445
2023-11-27,2002,2018.16,2000.68,2014.02
2023-11-28,2015.255,2043.05,2011.8,2040.95
2023-11-29,2041.245,2051.935,2035.645,2044.205
2023-11-30,2044.735,2047.105,2031.625,2036.195
2023-12-01,2037.13,2075.325,2034.015,2070.895
2023-12-04,2074.01,2144.83,2020.675,2029.42
2023-12-05,2029.74,2041.22,2010.05,2019.34
2023-12-06,2019.335,2035.77,2017.5,2025.4
2023-12-07,2026.52,2039.92,2020.39,2028.64
2023-12-08,2028.7,2034.06,1994.85,2002.82
2023-12-11,2003.76,2007.82,1976.08,1981.98
2023-12-12,1982.03,1996.59,1977.26,1979.47
2023-12-13,1979.91,2027.85,1973.14,2027.56
2023-12-14,2028.55,2047.97,2024.515,2036.38
2023-12-15,2036.275,2044.875,2015.715,2018.145
2023-12-18,2019.95,2033.61,2016.06,2027.29
2023-12-19,2027.595,2046.97,2021.8,2040.27
2023-12-20,2040.155,2043.505,2027.545,2031.275
2023-12-21,2032.265,2046.12,2031.635,2045.81
2023-12-22,2049.815,2070.585,2046.815,2053.335
2023-12-26,2053.855,2069.135,2053.19,2068.045
2023-12-27,2068.395,2084.465,2061.585,2077.675
2023-12-28,2077.86,2088.505,2064.765,2065.445
2023-12-29,2066.535,2074.735,2058.415,2063.235
2024-01-02,2063.76,2078.915,2056.285,2058.94
2024-01-03,2059.14,2066.035,2030.775,2041.45
2024-01-04,2042.175,2050.975,2036.495,2043.56
2024-01-05,2043.945,2063.825,2024.875,2043.805
2024-01-08,2045.37,2046.675,2017.815,2028.075
2024-01-09,2028.35,2041.38,2026.18,2030.21
2024-01-10,2030.53,2039.74,2020.53,2024.39
2024-01-11,2024.42,2039.61,2013.4,2028.995
2024-01-12,2029.105,2062.09,2028.88,2047.59
2024-01-15,2048.62,2058.635,2045.905,2054.815
2024-01-16,2054.92,2055.635,2024.395,2028.345
2024-01-17,2028.1,2033.03,2001.95,2006.26
2024-01-18,2006.02,2023.35,2005.92,2023.17
2024-01-19,2024.35,2039.35,2020.46,2028.52
2024-01-22,2029.99,2032.21,2017.22,2021.645
2024-01-23,2021.945,2037.81,2019.71,2029.26
2024-01-24,2029.03,2036.65,2011.36,2014.01
2024-01-25,2014.49,2025.14,2010.6,2020.88
2024-01-26,2020.545,2026.85,2016.07,2018.66
2024-01-29,2023.9,2037.43,2019.45,2032.865
2024-01-30,2032.895,2048.625,2029.275,2036.95
2024-01-31,2037.115,2056.005,2031.145,2039.57
2024-02-01,2039.93,2065.375,2030.165,2054.99
2024-02-02,2054.825,2057.665,2028.015,2036.135
2024-02-05,2039.8,2042.325,2015.005,2025.17
2024-02-06,2025.04,2038.95,2023,2036.05
2024-02-07,2036.055,2044.575,2030.695,2035.145
2024-02-08,2035.2,2038.685,2020.275,2034.48
2024-02-09,2034.57,2037.035,2020.465,2025.175
2024-02-12,2023.51,2027.48,2011.99,2020.035
2024-02-13,2019.885,2032.79,1990.27,1993.245
2024-02-14,1993.295,1996.08,1984.39,1992.35
2024-02-15,1992.575,2008.22,1990.28,2004.3
2024-02-16,2004.335,2015.22,1995.28,2012.03
2024-02-19,2015.2,2023,2012.03,2018.03
2024-02-20,2018,2030.92,2015.08,2024.335
2024-02-21,2024.425,2032.17,2020.24,2026.095
2024-02-22,2025.97,2034.83,2019.86,2024.45
2024-02-23,2024.575,2041.35,2016.11,2036.63
2024-02-26,2034.5,2037.045,2025.155,2031.215
2024-02-27,2031.45,2039.51,2028.84,2030.32
2024-02-28,2030.7,2037.81,2024.59,2034.52
2024-02-29,2035.32,2050.725,2028.195,2044.195
2024-03-01,2043.93,2088.365,2039.125,2083.595
2024-03-04,2082.21,2119.915,2079.535,2114.625
2024-03-05,2114.96,2141.77,2110.53,2127.75
2024-03-06,2127.98,2152.25,2123.81,2147.86
2024-03-07,2148.815,2164.54,2144.35,2160.115
2024-03-08,2159.52,2195.135,2154.125,2177.405
2024-03-11,2177.355,2188.855,2175.255,2181.395
2024-03-12,2181.285,2184.585,2150.715,2158.655
2024-03-13,2158.855,2179.885,2155.865,2174.705
2024-03-14,2174.755,2176.975,2153.015,2161.625
2024-03-15,2161.545,2172.765,2155.285,2156.065
2024-03-18,2155.06,2163.47,2146.15,2161.375
2024-03-19,2161.295,2162.885,2147.305,2158.795
2024-03-20,2158.795,2221.765,2149.715,2200.775
2024-03-21,2200.945,2211.795,2166.735,2181.355
2024-03-22,2181.305,2186.135,2157.255,2165.225
2024-03-25,2166.405,2181.145,2163.755,2172.085
2024-03-26,2172.185,2199.955,2167.855,2178.375
2024-03-27,2178.385,2197.605,2173.805,2192.355
2024-03-28,2192.525,2234.525,2187.435,2233.99
2024-04-01,2239.27,2265.66,2228.63,2251.9
2024-04-02,2251.025,2281.075,2246.85,2280.495
2024-04-03,2280.33,2301.14,2265.8,2300.44
2024-04-04,2299.77,2305.145,2280.985,2291.035
2024-04-05,2290.935,2330.215,2268.005,2323.585
2024-04-08,2324.4,2352.875,2303.045,2339.325
2024-04-09,2338.97,2365.375,2337.005,2352.95
2024-04-10,2352.925,2360.11,2319.59,2334.19
2024-04-11,2333.96,2377.725,2325.905,2372.55
2024-04-12,2371.94,2431.44,2333.99,2343.14
2024-04-15,2363.95,2387.525,2324.655,2383.225
2024-04-16,2382.985,2398.17,2363.13,2382.58
2024-04-17,2382.25,2395.61,2356.655,2360.38
2024-04-18,2361.57,2392.335,2361.57,2379.305
2024-04-19,2378.695,2417.64,2373.05,2387.69
2024-04-22,2386.75,2388.45,2325.4,2327.075
2024-04-23,2327.46,2334.465,2292.055,2322.02
2024-04-24,2321.87,2336.95,2312.17,2316.11
2024-04-25,2315.545,2344.79,2305.58,2332.22
2024-04-26,2332,2352.485,2326.465,2340.085
2024-04-29,2336.49,2346.595,2320.595,2335.74
2024-04-30,2335.345,2336.315,2285.265,2285.94
2024-05-01,2286.555,2328.29,2281.7,2319.305
2024-05-02,2320.46,2326.46,2285.77,2303.67
2024-05-03,2303.845,2320.34,2277.67,2301.52
2024-05-06,2304.565,2331.95,2292.15,2323.97
2024-05-07,2324.43,2329.89,2310.22,2313.99
2024-05-08,2313.825,2321.44,2303.96,2308.385
2024-05-09,2308.495,2347.25,2306.83,2346.3
2024-05-10,2346.385,2378.415,2345.385,2363.435
2024-05-13,2364.4,2364.555,2332.745,2336.465
2024-05-14,2336.005,2359.655,2334.925,2357.985
2024-05-15,2358.205,2390.125,2352.005,2386.085
2024-05-16,2385.855,2397.26,2371.18,2376.74
2024-05-17,2377.09,2419.13,2374.14,2416.5
2024-05-20,2418.63,2450.05,2407.87,2426.36
2024-05-21,2426.48,2433.765,2406.485,2420.935
2024-05-22,2421.175,2426.57,2375.02,2378.74
2024-05-23,2379.775,2383.79,2327.3,2328.885
2024-05-24,2329.04,2347.315,2325.675,2333.825
2024-05-27,2336.24,2358.465,2332.445,2350.845
2024-05-28,2351.59,2364.045,2340.445,2361.215
2024-05-29,2361.06,2362.55,2335.445,2337.81
2024-05-30,2338.175,2351.755,2322.845,2343.245
2024-05-31,2344.15,2359.695,2320.655,2327.825
2024-06-03,2328.15,2354.745,2314.845,2350.735
2024-06-04,2351.485,2352.625,2316.085,2327.025
2024-06-05,2326.955,2357.395,2325.995,2355.335
2024-06-06,2356.8,2378.465,2353.655,2376.135
2024-06-07,2376.425,2387.77,2287.77,2287.92
2024-06-10,2295.27,2313.77,2287.86,2310.695
2024-06-11,2312.08,2319.94,2297.9,2316.87
2024-06-12,2317.17,2341.54,2310.87,2324.765
2024-06-13,2325.105,2326.53,2295.68,2303.96
2024-06-14,2304.085,2336.62,2301.6,2332.64
2024-06-17,2331.53,2332.885,2310.135,2319.165
2024-06-18,2319.435,2333.18,2306.82,2329.51
2024-06-19,2329.36,2335.015,2323.975,2328.225
2024-06-20,2329.46,2365.505,2327.855,2359.995
2024-06-21,2360.145,2368.535,2316.855,2322.415
2024-06-24,2323.485,2334.69,2317.81,2334.42
2024-06-25,2334.435,2337.125,2315.605,2319.605
2024-06-26,2319.21,2322.43,2293.9,2298.24
2024-06-27,2298.685,2330.95,2296.75,2327.915
2024-06-28,2328.185,2339.675,2319.185,2325.185
2024-07-01,2326.39,2338.545,2318.725,2331.855
2024-07-02,2331.93,2336.835,2319.685,2329.575
2024-07-03,2329.72,2364.865,2326.915,2356.25
2024-07-04,2356.93,2362.565,2350.695,2357.345
2024-07-05,2356.745,2392.935,2353.775,2388.865
2024-07-08,2387.285,2391.05,2351.23,2359.045
2024-07-09,2359.3,2371.395,2349.905,2364.025
2024-07-10,2363.905,2386.575,2363.225,2371.355
2024-07-11,2371.19,2424.445,2371.19,2415.345
2024-07-12,2415.415,2418.33,2391.59,2412.76
2024-07-15,2412.66,2439.7,2401.45,2422.3
2024-07-16,2422.44,2469.63,2420.09,2468.76
2024-07-17,2468.52,2483.615,2451.795,2458.925
2024-07-18,2459.035,2474.875,2440.545,2445.36
2024-07-19,2445.715,2445.715,2394.045,2398.595
2024-07-22,2402.11,2412.17,2384.04,2396.57
2024-07-23,2396.705,2412.06,2388.38,2409.56
2024-07-24,2409.075,2432.02,2396.92,2397.52
2024-07-25,2397.335,2401.19,2353.33,2364.45
2024-07-26,2364.47,2390.745,2355.995,2386.385
2024-07-29,2388.1,2403.23,2369.83,2384.125
2024-07-30,2383.635,2412.78,2376.66,2410.725
2024-07-31,2410.945,2450.95,2404.15,2447.64
2024-08-01,2448.675,2461.985,2430.375,2446.325
2024-08-02,2446.315,2477.655,2411.135,2437.455
2024-08-05,2444.65,2458.275,2364.435,2410.415
2024-08-06,2410.395,2418.22,2381.87,2390.72
2024-08-07,2391.82,2407.01,2379.24,2382.845
2024-08-08,2381.62,2427.58,2381.1,2427.5
2024-08-09,2427.27,2437.04,2416.97,2429.08
2024-08-12,2430.17,2473.285,2423.945,2472.8
2024-08-13,2471.27,2476.895,2458.595,2465.115
2024-08-14,2466.355,2478.815,2438.255,2448.005
2024-08-15,2447.96,2470.095,2432.525,2456.785
2024-08-16,2456.39,2508.875,2450.855,2508.135
2024-08-19,2509.14,2509.71,2485.93,2504.23
2024-08-20,2503.765,2531.66,2497.45,2513.975
2024-08-21,2513.825,2519.98,2493.92,2512.42
2024-08-22,2511.825,2514.7,2471.12,2484.8
2024-08-23,2484.885,2518.2,2484.5,2510.94
2024-08-26,2512.18,2526.82,2508.89,2518.05
2024-08-27,2517.9,2525.95,2503.83,2524.59
2024-08-28,2524.75,2528.94,2493.98,2504.735
2024-08-29,2504.63,2528.62,2504.1,2521.175
2024-08-30,2521.36,2526.94,2494.43,2502.54
2024-09-02,2502.97,2507.36,2490.38,2499.54
2024-09-03,2499.67,2506.35,2473.78,2492.96
2024-09-04,2493.04,2500.02,2471.97,2495.65
2024-09-05,2495.54,2523.47,2493.92,2516.76
2024-09-06,2516.835,2529.15,2485.33,2495.95
2024-09-09,2496.73,2507.22,2485.71,2506.22
2024-09-10,2506.63,2518.37,2500.26,2516.65
2024-09-11,2516.725,2528.63,2501.14,2511.52
2024-09-12,2512.22,2560.08,2511.12,2558.795
2024-09-13,2558.725,2586.105,2556.765,2582.845
2024-09-16,2578.7,2589.6,2575.51,2582.51
2024-09-17,2582.44,2586.92,2560.86,2569.59
2024-09-18,2569.435,2600.105,2547.165,2559.005
2024-09-19,2558.685,2594.73,2551.495,2586.77
2024-09-20,2586.87,2625.77,2585.1,2621.17
2024-09-23,2621.09,2634.815,2613.995,2628.545
2024-09-24,2628.585,2664.395,2622.875,2657.145
2024-09-25,2657.15,2670.55,2650.24,2657.17
2024-09-26,2657.155,2685.39,2655.17,2672.45
2024-09-27,2672.34,2674.3,2643.19,2652.05
2024-09-30,2658.825,2666.035,2625.255,2634.735
2024-10-01,2634.53,2672.775,2632.465,2663.435
2024-10-02,2663.675,2663.675,2641.7,2658.81
2024-10-03,2659.33,2662.6,2639.81,2656.21
2024-10-04,2656.195,2670.24,2632.44,2651.64
2024-10-07,2650.61,2659.67,2637.92,2642.66
2024-10-08,2642.655,2652.935,2604.855,2621.955
2024-10-09,2621.76,2624.395,2605.335,2607.825
2024-10-10,2607.715,2631.515,2605.315,2630.155
2024-10-11,2629.995,2661.485,2628.235,2656.195
2024-10-14,2653.36,2666.58,2643.36,2648.62
2024-10-15,2648.695,2668.925,2638.435,2662.855
2024-10-16,2662.85,2685.28,2658.77,2673.84
2024-10-17,2674.09,2696.75,2673.33,2693.1
2024-10-18,2692.92,2721.3,2692.39,2719.83
2024-10-21,2720.52,2740.585,2714.335,2719.745
2024-10-22,2719.755,2749.015,2718.96,2749.015
2024-10-23,2748.645,2758.345,2709.015,2715.52
2024-10-24,2715.62,2743.215,2715.57,2735.985
2024-10-25,2736.035,2745.035,2717.175,2742.535
2024-10-28,2734.665,2745.975,2724.845,2742.225
2024-10-29,2742.135,2775.34,2741.315,2774.68
2024-10-30,2774.71,2790.01,2771.09,2787.59
2024-10-31,2787.45,2790.08,2731.86,2746.205
2024-11-01,2746.355,2762.265,2733.345,2736.515
2024-11-04,2735.4,2748.235,2730.99,2736.685
2024-11-05,2736.725,2749.955,2724.875,2743.995
2024-11-06,2743.99,2749.605,2652.475,2659.055
2024-11-07,2659.35,2710.12,2643.84,2706.51
2024-11-08,2706.28,2710.36,2680.46,2685.17
2024-11-11,2684.775,2686.08,2610.77,2619.54
2024-11-12,2619.545,2626.995,2590.065,2598.275
2024-11-13,2598.425,2618.865,2572.78,2572.935
2024-11-14,2572.96,2581.33,2537.03,2565.05
2024-11-15,2565.26,2575.67,2554.66,2562.33
2024-11-18,2565.915,2614.95,2564.465,2611.87
2024-11-19,2611.875,2639.395,2610.465,2632.265
2024-11-20,2632.185,2655.395,2618.975,2650.265
2024-11-21,2650.285,2673.505,2648.975,2669.665
2024-11-22,2669.67,2711.44,2668.21,2705.95
2024-11-25,2714.3,2721.32,2615.74,2625.23
2024-11-26,2625.04,2641.935,2605.355,2633.225
2024-11-27,2631.83,2658.215,2627.215,2635.945
2024-11-28,2637.015,2649.605,2621.035,2637.585
2024-11-29,2638.655,2666.205,2634.475,2650.455
2024-12-02,2652.75,2652.9,2622.155,2639.06
2024-12-03,2639.035,2655.595,2634.295,2643.665
2024-12-04,2643.395,2657.155,2632.765,2650.095
2024-12-05,2649.91,2655.535,2623.675,2631.985
2024-12-06,2631.755,2645.615,2614.025,2631.985
2024-12-09,2645.48,2676.425,2627.745,2660.395
2024-12-10,2660.4,2695.59,2658.01,2693.945
2024-12-11,2694.195,2721.02,2676.25,2718.13
2024-12-12,2718.385,2726.035,2675.375,2680.865
2024-12-13,2681.115,2692.77,2646.63,2647.72
2024-12-16,2650,2664.415,2643.685,2652.725
2024-12-17,2652.805,2658.595,2633.335,2646.63
2024-12-18,2646.345,2651.745,2584.295,2585.34
2024-12-19,2585.48,2626.07,2583.64,2594.285
2024-12-20,2594.375,2631.96,2589.8,2623.09
2024-12-23,2620.87,2633.325,2608.265,2612.945
2024-12-24,2612.62,2621.535,2610.235,2616.18
2024-12-26,2615.97,2639.145,2615.34,2633.795
2024-12-27,2632.59,2638.275,2611.825,2615.555
2024-12-30,2620.05,2628.125,2596.185,2605.965
2024-12-31,2605.53,2627.585,2602.835,2624.585
2025-01-02,2624.835,2660.445,2621.895,2658.01
2025-01-03,2658.38,2665.35,2637.03,2638.26
2025-01-06,2640.63,2649.405,2615.265,2636.085
2025-01-07,2634.475,2664.255,2633.075,2648.735
2025-01-08,2648.545,2669.955,2645.325,2662.1
2025-01-09,2661.585,2678.08,2655.75,2670.36
2025-01-10,2670.63,2697.89,2664.3,2690.62
2025-01-13,2690.6,2693.34,2656.92,2663.045
2025-01-14,2663.68,2678.27,2659.99,2677.36
2025-01-15,2677.395,2697.3,2669.48,2696.525
2025-01-16,2698.81,2724.74,2690.14,2714.685
2025-01-17,2714.79,2717.425,2700.085,2700.865
2025-01-20,2703.33,2713.87,2689.54,2706.425
2025-01-21,2707.56,2745.91,2703.07,2744.81
2025-01-22,2744.865,2763.41,2742.025,2756.305
2025-01-23,2756.245,2758.805,2736.055,2754.885
2025-01-24,2754.605,2785.745,2753.775,2771.105
2025-01-27,2770.8,2772.6,2730.62,2740.93
2025-01-28,2740.295,2765.025,2734.895,2763.89
2025-01-29,2763.055,2766.185,2745.105,2759.62
2025-01-30,2759.605,2798.425,2758.315,2794.195
2025-01-31,2793.73,2817.17,2791.2,2801.28
2025-02-03,2801.65,2830.49,2772.47,2815
2025-02-04,2814.715,2845.43,2807.39,2842.58
2025-02-05,2841.955,2882.275,2839.885,2866.67
2025-02-06,2866.63,2873.225,2834.395,2856.035
2025-02-07,2856.585,2886.825,2852.805,2860.655
2025-02-10,2858.98,2911.255,2855.025,2908.045
2025-02-11,2908.04,2942.66,2882.06,2897.58
2025-02-12,2897.61,2909.06,2864.78,2903.91
2025-02-13,2904.395,2929.53,2900.81,2928.14
2025-02-14,2927.945,2940.06,2877.16,2885.16
2025-02-17,2884.98,2906.365,2878.915,2899.265
2025-02-18,2898.87,2936.95,2892.18,2935.29
2025-02-19,2935.52,2946.91,2918.95,2932.94
2025-02-20,2933.46,2954.88,2924.63,2939.675
2025-02-21,2938.78,2949.79,2917.07,2934.92
2025-02-24,2934.13,2956.18,2921.55,2952.76
2025-02-25,2952.545,2953.585,2889.525,2914.995
2025-02-26,2914.99,2930.16,2891.14,2916.38
2025-02-27,2916.85,2920.85,2868.1,2877.07
2025-02-28,2877.065,2885.095,2832.885,2854.945
2025-03-03,2855.6,2895.305,2855.6,2892.82
2025-03-04,2892.57,2927.84,2882.08,2917.99
2025-03-05,2917.855,2929.88,2894.65,2919.17
2025-03-06,2919.51,2926.55,2891.52,2911.14
2025-03-07,2911.37,2930.25,2897.39,2909.36
2025-03-10,2911.96,2918.3,2880.33,2884.98
2025-03-11,2884.86,2922.12,2880.97,2917.51
2025-03-12,2917.65,2940.44,2906.35,2938.16
2025-03-13,2938.25,2989.765,2933.03,2987.325
2025-03-14,2987.355,3004.945,2978.865,2985.045
2025-03-17,2989.135,3003.66,2982.325,3000.285
2025-03-18,3000.295,3038.205,2999.695,3034.55
2025-03-19,3034.65,3051.98,3023.07,3050.21
2025-03-20,3050.17,3057.34,3025.85,3045.81
2025-03-21,3045.75,3047.55,2999.61,3023.84
2025-03-24,3025.68,3033.34,3002.61,3011.56
2025-03-25,3011.59,3035.89,3007.73,3021.42
2025-03-26,3021.38,3032.08,3012.47,3019.32
2025-03-27,3019.5,3059.38,3017.73,3055.22
2025-03-28,3055.31,3086.81,3054.33,3085.25
2025-03-31,3088.82,3127.695,3076.935,3123.275
2025-04-01,3123.28,3149.01,3101.12,3114.36
2025-04-02,3114.345,3142.425,3105.515,3135.565
2025-04-03,3138.74,3167.59,3054.25,3114.735
2025-04-04,3115.1,3136.235,3015.985,3036.385
2025-04-07,3015.76,3054.69,2956.88,2983.235
2025-04-08,2981.645,3022.745,2975.025,2982.835
2025-04-09,2983.205,3099.235,2970.375,3082.94
2025-04-10,3083.905,3176.405,3071.575,3175.605
2025-04-11,3175.75,3245.45,3175.75,3230.98
2025-04-14,3228.38,3245.685,3193.835,3210.705
2025-04-15,3211.655,3233.405,3210.215,3230.065
2025-04-16,3230.845,3343.24,3229.935,3343.055
2025-04-17,3343.315,3357.635,3284.345,3327.365
2025-04-21,3332.605,3430.535,3329.445,3424.405
2025-04-22,3423.945,3499.955,3367.495,3381.16
2025-04-23,3353.18,3386.35,3261.15,3288.33
2025-04-24,3289.73,3367.32,3289.73,3349.595
2025-04-25,3351.305,3370.665,3265.425,3304.985
2025-04-28,3325.35,3352.995,3268.435,3343.885
2025-04-29,3344.785,3348.575,3300.085,3317.245
2025-04-30,3315.29,3327.845,3267.735,3288.4
2025-05-01,3287.955,3290.18,3202.78,3238.95
2025-05-02,3240.495,3269.29,3223.13,3233.67
2025-05-05,3241.03,3337.455,3237.935,3333.915
2025-05-06,3335.865,3434.945,3323.775,3431.765
2025-05-07,3437.845,3437.935,3360.485,3364.485
2025-05-08,3364.48,3414.54,3289.18,3305.51
2025-05-09,3306.79,3347.395,3274.845,3328.945
2025-05-12,3271.86,3311.24,3207.875,3235.915
2025-05-13,3238.655,3265.145,3216.195,3250.225
2025-05-14,3250.22,3257.12,3169.04,3177.53
2025-05-15,3177.33,3240.67,3121.19,3239.83
2025-05-16,3240.23,3252.16,3154.69,3192.46
2025-05-19,3210.48,3249.705,3207.105,3229.755
2025-05-20,3230.68,3295.755,3204.685,3289.985
2025-05-21,3290.6,3324.85,3286.11,3315.43
2025-05-22,3315.425,3345.365,3280.575,3294.745
2025-05-23,3294.75,3365.91,3287.32,3360.91
2025-05-26,3355.43,3356.62,3324.4,3342.25
2025-05-27,3343.13,3349.785,3286.555,3300.705
2025-05-28,3301.715,3325.395,3277.105,3287.525
2025-05-29,3287.52,3330.64,3245.72,3317.72
2025-05-30,3317.725,3322.665,3272.025,3294.895
2025-06-02,3299.42,3382.88,3299.42,3381.62
2025-06-03,3382.59,3392.18,3333.56,3353.45
2025-06-04,3353.445,3384.675,3344.095,3372.695
2025-06-05,3372.7,3402.79,3339.98,3352.82
2025-06-06,3352.825,3375.625,3311.455,3312.435
2025-06-09,3311.845,3338.185,3293.875,3325.665
2025-06-10,3326.225,3349.195,3301.975,3323.225
2025-06-11,3322.245,3360.515,3315.845,3355.075
2025-06-12,3356.525,3398.835,3339.145,3385.88
2025-06-13,3385.355,3446.72,3380.02,3432.53
2025-06-16,3452.005,3454.04,3382.99,3385.24
2025-06-17,3386.13,3403.33,3366.36,3388.63
2025-06-18,3391.62,3399.86,3362.89,3369.41
2025-06-19,3369.415,3387.745,3348.005,3370.625
2025-06-20,3370.255,3374.365,3340.535,3365.465
2025-06-23,3396.525,3396.525,3347.705,3368.755
2025-06-24,3368.4,3369.515,3295.695,3324.035
2025-06-25,3324.635,3337.065,3312.215,3332.295
2025-06-26,3335.045,3350.245,3310.405,3327.905
2025-06-27,3327.8,3327.995,3256.535,3271.135
2025-06-30,3277.21,3309.45,3248.61,3303.05
2025-07-01,3303.045,3357.845,3302.415,3338.525
2025-07-02,3339.34,3360.055,3327.745,3357.675
2025-07-03,3358.51,3365.825,3311.905,3326.105
2025-07-04,3325.725,3345.095,3323.695,3337.345
2025-07-07,3336.21,3342.525,3297.035,3336.965
2025-07-08,3339.36,3345.715,3287.435,3301.605
2025-07-09,3302.635,3316.885,3282.965,3313.685
2025-07-10,3314.645,3330.325,3310.435,3324.045
2025-07-11,3324.495,3359.905,3322.005,3356.445
2025-07-14,3363.19,3374.965,3341.195,3343.505
2025-07-15,3344.385,3366.315,3320.415,3323.985
2025-07-16,3324.585,3376.785,3319.945,3347.575
2025-07-17,3348.825,3352.145,3310.035,3339.205
2025-07-18,3341.755,3361.255,3331.925,3348.295
2025-07-21,3349.57,3401.145,3343.44,3397.135
2025-07-22,3397.715,3433.415,3383.415,3431.745
2025-07-23,3432.055,3439.025,3382.195,3387.265
2025-07-24,3389.855,3393.475,3351.605,3368.625
2025-07-25,3368.425,3373.365,3325.555,3337.535
2025-07-28,3316.95,3345.215,3301.985,3314.625
2025-07-29,3314.955,3333.995,3308.405,3326.615
2025-07-30,3326.915,3334.075,3268.415,3275.52
2025-07-31,3276.765,3314.685,3274.155,3289.985
2025-08-01,3290.435,3361.275,3281.795,3357.095
2025-08-04,3366.445,3385.365,3345.125,3373.705
2025-08-05,3374.525,3390.455,3349.985,3380.895
2025-08-06,3381.45,3385.395,3358.345,3369.365
2025-08-07,3370.575,3401.765,3365.345,3397.78
2025-08-08,3404.015,3407.33,3377.8,3398.505
2025-08-11,3399.265,3404.625,3341.695,3342.625
2025-08-12,3343.3,3358.365,3331.335,3348.205
2025-08-13,3349.155,3370.705,3342.755,3355.995
2025-08-14,3357.255,3374.715,3330.025,3335.535
2025-08-15,3336.915,3348.855,3332.435,3339.135
2025-08-18,3337.09,3358.305,3323.815,3332.915
2025-08-19,3333.61,3345.325,3315.085,3315.9
2025-08-20,3316.525,3350.035,3311.625,3348.515
2025-08-21,3350.565,3352.175,3325.865,3339.075
2025-08-22,3339.185,3378.665,3321.525,3373.235
2025-08-25,3371.3,3376.175,3359.845,3365.775
2025-08-26,3365.58,3393.715,3351.395,3393.685
2025-08-27,3393.35,3398.805,3373.955,3397.475
2025-08-28,3398.985,3423.005,3384.735,3416.615
2025-08-29,3417.665,3453.725,3404.545,3452.355
2025-09-01,3448.08,3489.865,3437.155,3476.665
2025-09-02,3477.51,3539.935,3470.365,3533.125
2025-09-03,3532.43,3578.425,3526.575,3559.605
2025-09-04,3561.375,3563.825,3511.995,3545.955
2025-09-05,3546.145,3599.985,3540.155,3594.685
2025-09-08,3584.655,3646.135,3580.235,3636.02
2025-09-09,3635.63,3673.825,3625.74,3626.01
2025-09-10,3622.95,3657.445,3621.015,3640.705
2025-09-11,3642.95,3649.115,3614.315,3634.035
2025-09-12,3634.215,3656.615,3630.565,3644.185
2025-09-15,3645.14,3685.505,3626.815,3679.245
2025-09-16,3680.33,3703.075,3674.955,3689.805
2025-09-17,3689.505,3707.235,3646.255,3659.65
2025-09-18,3659.69,3672.975,3628.345,3644.475
2025-09-19,3643.755,3685.205,3632.955,3684.445
2025-09-22,3687.4,3748.825,3683.815,3746.5
2025-09-23,3745.805,3790.985,3737.375,3764.68
2025-09-24,3765.895,3779.195,3717.485,3736.135
2025-09-25,3736.805,3761.515,3722.595,3749.375
2025-09-26,3751.29,3783.695,3734.855,3766.715
2025-09-29,3757.415,3834.225,3757.05,3833.46
2025-09-30,3833.345,3871.785,3793.385,3858.72
2025-10-01,3858.98,3895.345,3853.565,3865.745
2025-10-02,3868.085,3896.575,3820.165,3856.605
2025-10-03,3856.285,3891.405,3838.235,3885.925
2025-10-06,3888.295,3969.835,3884.405,3960.055
2025-10-07,3958.905,3990.975,3941.025,3984.845
2025-10-08,3984.985,4059.075,3983.405,4041.01
2025-10-09,4044.36,4057.855,3945.085,3977.06
2025-10-10,3975.085,4022.105,3947.625,4010.675
2025-10-13,3994.32,4117.185,3994.32,4110.23
2025-10-14,4109.425,4179.575,4090.885,4141.98
2025-10-15,4144.04,4218.255,4140.815,4208.05
2025-10-16,4210.195,4330.495,4200.435,4328.08
2025-10-17,4332.045,4379.535,4187.775,4225.385
2025-10-20,4252.07,4381.205,4219.325,4356.07
2025-10-21,4354.315,4375.125,4082.055,4124.82
2025-10-22,4126.255,4161.385,4004.585,4098.34
2025-10-23,4095.585,4154.765,4066.715,4126.67
2025-10-24,4130.115,4143.985,4045.655,4103.945
2025-10-27,4083.415,4097.425,3972.225,3989.755
2025-10-28,3990.035,4019.575,3886.915,3934.685
2025-10-29,3934.115,4030.015,3917.525,3941.685
2025-10-30,3941.455,4045.805,3915.735,4037.845
2025-10-31,4038.055,4042.875,3972.785,4002.775
2025-11-03,3985.07,4030.165,3962.845,4001.32
2025-11-04,4001.405,4005.785,3928.855,3932.075
2025-11-05,3934.16,3990.085,3930.775,3979.68
2025-11-06,3976.91,4019.565,3964.685,3977.185
2025-11-07,3977.8,4027.345,3974.99,4004.175
2025-11-10,3999.93,4116.615,3999.93,4116.025
2025-11-11,4116.335,4148.925,4097.505,4126.885
2025-11-12,4128.115,4211.765,4099.135,4195.55
2025-11-13,4197.015,4245.025,4145.845,4171.125
2025-11-14,4171.84,4211.345,4033.235,4087.065
2025-11-17,4083.23,4106.845,4007.245,4045.24
2025-11-18,4048.325,4082.135,3998.565,4067.335
2025-11-19,4068.455,4132.725,4055.735,4077.865
2025-11-20,4079.905,4110.195,4039.205,4077.19
2025-11-21,4074.985,4100.635,4023.795,4068.485
2025-11-24,4069.38,4139.975,4040.245,4135.52
2025-11-25,4134.105,4159.015,4110.535,4130.665
2025-11-26,4134.605,4173.465,4130.005,4163.42
2025-11-27,4164.715,4168.715,4142.925,4157.3
2025-11-28,4159.735,4252.05,4148.385,4252.05
2025-12-01,4230.11,4264.41,4206.52,4231.515
2025-12-02,4232.53,4235.935,4164.79,4206.26
2025-12-03,4207.685,4241.395,4194.655,4202.84
2025-12-04,4205.195,4219.195,4175.72,4207.915
2025-12-05,4208.62,4259.18,4195.31,4202.205
2025-12-08,4196.86,4219.095,4176.905,4190.42
2025-12-09,4190.03,4221.295,4170.29,4207.715
2025-12-10,4208.38,4238.48,4182.05,4228.5
2025-12-11,4229.07,4285.885,4204.72,4280.64
2025-12-12,4281.68,4353.04,4258.005,4299.9
2025-12-15,4296.86,4350.02,4285.82,4305.465
2025-12-16,4306.44,4335.005,4272.635,4302.265
2025-12-17,4302.925,4348.555,4301.79,4338.77
2025-12-18,4338.035,4374.65,4308.715,4332.46
2025-12-19,4332.835,4356.49,4309.505,4339.645
2025-12-22,4339.39,4449.16,4338.3,4443.265
2025-12-23,4446.27,4499.865,4431.485,4484.305
2025-12-24,4486.725,4525.075,4448.51,4479.325
2025-12-26,4494.09,4549.815,4474.5,4531.58
2025-12-29,4543.99,4549.305,4304.44,4332.01
2025-12-30,4335.035,4404.065,4323.875,4338.71
2025-12-31,4343.03,4373.135,4274.63,4318.59
2026-01-02,4333.37,4402.34,4310.745,4331.505
2026-01-05,4353.42,4455.635,4346.21,4449.125
2026-01-06,4449.41,4497.295,4429.255,4495.035
2026-01-07,4497.135,4500.385,4423.585,4456.41
2026-01-08,4460.98,4479.495,4407.945,4478.355
2026-01-09,4480.135,4516.745,4453.205,4508.015
2026-01-12,4525.39,4629.955,4508.015,4598.515
2026-01-13,4605.02,4634.125,4571.125,4586.07
2026-01-14,4589.38,4643.075,4589.045,4627.52
2026-01-15,4630.725,4632.72,4581.455,4616.175
2026-01-16,4619.43,4620.675,4537.87,4582.265
2026-01-19,4634.7,4691.03,4582.265,4671.02
2026-01-20,4674.645,4766.07,4659.84,4763.63
2026-01-21,4765.03,4887.78,4757.43,4832.66
2026-01-22,4833.965,4940.84,4774.16,4936.16
2026-01-23,4941.97,4989.89,4900.12,4981.83
2026-01-26,5008.61,5110.35,4981.83,5010.965
2026-01-27,5014.035,5190.31,5013.825,5178.535
2026-01-28,5180.45,5418.87,5157.495,5415.17
2026-01-29,5425.04,5595.435,5109.325,5378.77
2026-01-30,5378.725,5451.02,4689.945,4847.87
2026-02-02,4786.18,4884.59,4404.97,4661.28
2026-02-03,4668.22,4993.62,4667.96,4947.22
2026-02-04,4946.66,5091.82,4855.9,4965
2026-02-05,4969.5,5023.66,4760.68,4779.63
2026-02-06,4793.99,4971.36,4656.28,4952.97
2026-02-09,4989.84,5085.73,4952.97,5058.52
2026-02-10,5059.99,5078.405,4990.33,5025.48
2026-02-11,5027.43,5118.05,5022.23,5084.65
2026-02-12,5089.14,5099.83,4878.83,4921.96
2026-02-13,4929.11,5045.835,4888.3,5032.915
2026-02-16,5035.365,5035.365,4966.635,4992.47
2026-02-17,4992.41,4999.935,4847.865,4877.525
2026-02-18,4876.635,5010.855,4854.785,4977.445
2026-02-19,4977.765,5022.175,4960.895,4996.325
2026-02-20,4998.745,5097.795,4981.965,5097.435
2026-02-23,5109.8,5237.315,5097.435,5227.605
2026-02-24,5227.075,5249.495,5095.085,5143.935
2026-02-25,5142.365,5217.615,5122.2,5165.025
2026-02-26,5160.055,5205.375,5131.425,5185.255
2026-02-27,5185.385,5265.135,5167.455,5263.825
2026-03-02,5312.56,5418.765,5262.745,5322.165
2026-03-03,5324.875,5379.865,4997.975,5088.505
2026-03-04,5104.055,5206.135,5085.625,5141.395
2026-03-05,5146.785,5194.895,5052.235,5081.155
2026-03-06,5086.57,5174.455,5063.935,5153.265
2026-03-09,5130.46,5149.68,5017.11,5133.97
2026-03-10,5153.01,5238.45,5125.38,5191.93
2026-03-11,5189.42,5222.91,5151.52,5181.99
2026-03-12,5138.89,5191.65,5055.77,5078.39
2026-03-13,5096.1,5128.27,5009.83,5019.83
2026-03-16,5024.88,5037.62,4968.83,5010.69
2026-03-17,5002.52,5043.51,4975.4,5003.05
2026-03-18,5000.16,5016.17,4807.71,4836.86
2026-03-19,4834.68,4867.09,4504.84,4655.29
2026-03-20,4636.58,4735.66,4478.84,4493.95
2026-03-23,4498.43,4511.43,4100.71,4416.89
2026-03-24,4426.76,4484.22,4308.11,4471.2
2026-03-25,4484.67,4601.78,4472.71,4515.91
2026-03-26,4517.71,4543.67,4351.42,4387.03
2026-03-27,4411.41,4553.99,4376.46,4494.04
2026-03-30,4487.05,4580.27,4420.62,4511.21
2026-03-31,4514.21,4687.26,4482.87,4667.33
2026-04-01,4672.26,4792.93,4662.23,4758.19
